Brand,MPN,URL,Name,Price,Stock
﻿威联通（QNAP）,11102469474,http://item.jd.com/11102469474.html,﻿威联通QNAP TS-531X 高性能5盘位万兆网络光口 网络存储器 5盘位 4G内存 TS-531X-8G,﻿￥4999.00,1
﻿威联通（QNAP）,10624664218,http://item.jd.com/10624664218.html,﻿威联通（QNAP）TS-1253U 企业NAS专盘 含导轨 12盘位 双电源RP 0TB 不含盘,﻿￥23000.00,1
﻿威联通（QNAP）,3709561,http://item.jd.com/3709561.html,﻿威联通QNAP TS-228 1G NAS存储服务器 家庭私有云,﻿￥1199.00,1
﻿威联通（QNAP）,3931774,http://item.jd.com/3931774.html,﻿威联通（QNAP）TS-431P 1G 内存 4盘位NAS网络存储器 双核1.7GHz处理器 2个网络端口,﻿￥2999.00,1
﻿威联通（QNAP）,2496115,http://item.jd.com/2496115.html,﻿威联通（QNAP）TS-251+ 2G内存 NAS网络存储器 赛扬2.0G四核CPU,﻿￥3280.00,1
﻿威联通（QNAP）,3931800,http://item.jd.com/3931800.html,﻿威联通（QNAP）TS-231P 1G 内存 2盘位NAS网络存储器 双核1.7GHz处理器 2个网络端口,﻿￥1999.00,1
﻿威联通（QNAP）,1558965,http://item.jd.com/1558965.html,﻿威联通（QNAP）TS-453 Pro 四核2.0 GHz CPU 四千兆网口 支持多虚拟机安装的四盘位网络存储服务器,﻿￥5680.00,1
﻿威联通（QNAP）,3497880,http://item.jd.com/3497880.html,﻿威联通（QNAP）TS-251A -2G内存 两盘位网络存储器 双核双网卡 可USB直连 20T容量,﻿￥3380.00,1
﻿威联通（QNAP）,2641075,http://item.jd.com/2641075.html,﻿威联通（QNAP）TS-853A 4G内存 NAS网络存储器 四核四网卡 双系统 企业版,﻿￥8880.00,1
﻿威联通（QNAP）,3497884,http://item.jd.com/3497884.html,﻿威联通（QNAP）TS-451A -2G内存 四盘位网络存储器 双核双网卡 可USB直连 40T容量,﻿￥4280.00,1
﻿威联通（QNAP）,2496026,http://item.jd.com/2496026.html,﻿威联通（QNAP）TS-453A 4G内存 NAS网络存储器 四核四网卡 双系统,﻿￥5680.00,1
﻿威联通（QNAP）,2495994,http://item.jd.com/2495994.html,﻿威联通（QNAP）TS-653A 4G内存 NAS网络存储器 四核四网卡 双系统,﻿￥7280.00,1
﻿威联通（QNAP）,2819805,http://item.jd.com/2819805.html,﻿威联通（QNAP）TS-253A 4G内存 NAS网络存储器 四核 双系统,﻿￥4280.00,1
﻿威联通（QNAP）,1283049,http://item.jd.com/1283049.html,﻿威联通（QNAP）TS-431 双核浮点运算1.2GHz CPU 四盘位网络存储服务器,﻿￥2599.00,1
﻿威联通（QNAP）,2496077,http://item.jd.com/2496077.html,﻿威联通（QNAP）TS-451+ 2G内存 NAS网络存储器 赛扬2.0G四核CPU,﻿￥4180.00,1
﻿威联通（QNAP）,3500937,http://item.jd.com/3500937.html,﻿威联通QNAP TAS-168play版 NAS存储器家庭私有云  QTS+安卓 双系统,﻿￥1399.00,1
﻿威联通（QNAP）,1734527,http://item.jd.com/1734527.html,﻿威联通（QNAP）TS-563 AMD 4核2.0 GHz 处理器 支持万兆网卡 內置AES 硬件高速加密五盘位网络存储,﻿￥5980.00,1
﻿威联通（QNAP）,10346190487,http://item.jd.com/10346190487.html,﻿威联通QNAP TS-231P 2盘位 网络存储器NAS 新品 TS-231P 标机,﻿￥1750.00,1
﻿威联通（QNAP）,10346190488,http://item.jd.com/10346190488.html,﻿威联通QNAP TS-231P 2盘位 网络存储器NAS 新品 TS-231P  含2块2TB NAS盘,﻿￥3250.00,1
﻿威联通（QNAP）,1328957,http://item.jd.com/1328957.html,﻿威联通（QNAP）QG-103N QGenie 实时备份、充电、无线AP分享多功能合一行动NAS,﻿￥899.00,1
﻿威联通（QNAP）,10549817789,http://item.jd.com/10549817789.html,﻿Qnap 威联通 TS-451+ 网络存储器 NAS  HDMI高清显示 4盘位 TS-451+ 8G 标机,﻿￥4950.00,1
﻿威联通（QNAP）,10346190489,http://item.jd.com/10346190489.html,﻿威联通QNAP TS-231P 2盘位 网络存储器NAS 新品 TS-231P  含2块4TB NAS盘,﻿￥4350.00,1
﻿威联通（QNAP）,10867256763,http://item.jd.com/10867256763.html,﻿威联通QNAP TS-563 四核心企业级 NAS 网络存储器 5盘位 （标准版） TS-563  2G标准版  配5块6T 企业盘,﻿￥16679.00,1
﻿威联通（QNAP）,10608094144,http://item.jd.com/10608094144.html,﻿威联通（QNAP）TS-531P 2G 内存 5盘位NAS网络存储器 1.4G四核 四千兆 标配 不含盘,﻿￥4280.00,1
﻿威联通（QNAP）,10867185059,http://item.jd.com/10867185059.html,﻿威联通QNAP TS-431P 家庭个人工作室设计 4盘位 NAS 网络存储器 TS-431P 标机,﻿￥2750.00,1
﻿威联通（QNAP）,10962826241,http://item.jd.com/10962826241.html,﻿威联通QNAP TS-228 网络存储器 2盘位 家用实惠机型 TS-228  标机,﻿￥1249.00,1
﻿威联通（QNAP）,1209903,http://item.jd.com/1209903.html,﻿威联通（QNAP）TS-451 赛扬双核浮点运算2.41GHz CPU HDMI高清输出 四盘位网络存储服务器,﻿￥6800.00,1
﻿威联通（QNAP）,10286011646,http://item.jd.com/10286011646.html,﻿威联通QNAP TAS-268play版 QTS-Android 双系统 多媒体网络存储器 TAS-268P-2G,﻿￥1699.00,1
﻿威联通（QNAP）,10346771113,http://item.jd.com/10346771113.html,﻿威联通（QNAP）TS-853U-RP 四核心 双电源机架式企业级网络存储器 8盘位 TS-853U-RP 双电源 标机,﻿￥17500.00,1
﻿威联通（QNAP）,10323291270,http://item.jd.com/10323291270.html,﻿威联通QNAP TS-853A  网络存储器 企业级配遥控器NAS 8盘位NAS TS-853A 4G 标机,﻿￥8500.00,1
﻿威联通（QNAP）,10346550313,http://item.jd.com/10346550313.html,﻿威联通QNAP TS-563 四核心企业级 NAS 网络存储器 5盘位 （标准版） TS-563  2G标准版 标机,﻿￥5680.00,1
﻿威联通（QNAP）,10962826242,http://item.jd.com/10962826242.html,﻿威联通QNAP TS-228 网络存储器 2盘位 家用实惠机型 TS-228 配1块2TB NAS盘,﻿￥1899.00,1
﻿威联通（QNAP）,10962826245,http://item.jd.com/10962826245.html,﻿威联通QNAP TS-228 网络存储器 2盘位 家用实惠机型 TS-228 配2块4TB NAS盘,﻿￥3849.00,1
﻿威联通（QNAP）,10346771116,http://item.jd.com/10346771116.html,﻿威联通（QNAP）TS-853U-RP 四核心 双电源机架式企业级网络存储器 8盘位 TS-853U-RP 含5块2TB NAS盘,﻿￥21250.00,1
﻿威联通（QNAP）,10323291271,http://item.jd.com/10323291271.html,﻿威联通QNAP TS-853A  网络存储器 企业级配遥控器NAS 8盘位NAS TS-853A 4G 含8块4TB企业盘,﻿￥18880.00,1
﻿威联通（QNAP）,10962692802,http://item.jd.com/10962692802.html,﻿威联通QNAP TS-531X 高性能5盘位万兆网络光口 网络存储器 5盘位 4G内存 TS-531X-4G,﻿￥4500.00,1
﻿威联通（QNAP）,10867212137,http://item.jd.com/10867212137.html,﻿威联通QNAP TS-431P 家庭个人工作室设计 4盘位 NAS 网络存储器 TS-431P 配3块4TB NAS盘,﻿￥6350.00,1
﻿威联通（QNAP）,10962826243,http://item.jd.com/10962826243.html,﻿威联通QNAP TS-228 网络存储器 2盘位 家用实惠机型 TS-228 配2块2TB NAS盘,﻿￥2699.00,1
﻿威联通（QNAP）,10608298973,http://item.jd.com/10608298973.html,﻿威联通（QNAP）TS-563 AMD 4核2.0 GHz 处理器 支持万兆网卡 黑色 0TB 不含盘,﻿￥4999.00,1
﻿威联通（QNAP）,11077038606,http://item.jd.com/11077038606.html,﻿威联通QNAP TS-563 四核心企业级 NAS 网络存储器 5盘位 （标准版） TS-563 2G标准版 配3块2TB NAS盘,﻿￥7179.00,1
﻿威联通（QNAP）,10331035460,http://item.jd.com/10331035460.html,﻿Qnap 威联通 TS-251+ 网络存储 NAS  HDMI高清显示 高速四核心 2盘位 TS-251+ 2G  含2块4TB NAS盘,﻿￥5680.00,1
﻿威联通（QNAP）,10331013469,http://item.jd.com/10331013469.html,﻿威联通QNAP TS-853A  网络存储器 企业级配遥控器NAS 8盘位NAS TS-853A 4G 含8块6TB企业盘,﻿￥26180.00,1
﻿威联通（QNAP）,10346835248,http://item.jd.com/10346835248.html,﻿威联通QNAP TS-1253U-SP 单电路 机架式企业级网络存储器NAS 12盘位 TS-1253U-RP 标机,﻿￥23000.00,1
﻿威联通（QNAP）,10597501422,http://item.jd.com/10597501422.html,﻿威联通QNAP TS-431P 家庭个人工作室设计 4盘位 NAS 网络存储器 TS-431P 配4块2TB NAS盘,﻿￥5350.00,1
﻿威联通（QNAP）,10962826244,http://item.jd.com/10962826244.html,﻿威联通QNAP TS-228 网络存储器 2盘位 家用实惠机型 TS-228 配1块4TB NAS盘,﻿￥2549.00,1
﻿威联通（QNAP）,10346835249,http://item.jd.com/10346835249.html,﻿威联通QNAP TS-1253U-SP 单电路 机架式企业级网络存储器NAS 12盘位 TS-1253U-RP 含12块4TB企业盘,﻿￥38600.00,1
﻿威联通（QNAP）,10926444380,http://item.jd.com/10926444380.html,﻿威联通QNAP TS-831X-8G 8盘位标配万兆网络光口 企业级 网络存储器 TS-831X-8G 配8块8TB NAS盘,﻿￥37999.00,1
﻿威联通（QNAP）,10962692806,http://item.jd.com/10962692806.html,﻿威联通QNAP TS-531X 高性能5盘位万兆网络光口 网络存储器 5盘位 4G内存 TS-531X-4G 配5块6TB 企业盘,﻿￥15099.00,1
﻿威联通（QNAP）,11100954292,http://item.jd.com/11100954292.html,﻿威联通QNAP TS-831X-8G 8盘位标配万兆网络光口 企业级 网络存储器 TS-831X-8G 配6块4TB NAS盘,﻿￥21700.00,1
﻿威联通（QNAP）,10962692804,http://item.jd.com/10962692804.html,﻿威联通QNAP TS-531X 高性能5盘位万兆网络光口 网络存储器 5盘位 4G内存 TS-531X-4G配5块4TB NAS盘,﻿￥10499.00,1
﻿威联通（QNAP）,10333026847,http://item.jd.com/10333026847.html,﻿威联通（QNAP）TS-453U-RP 四核心双电源 机架式企业级网络存储器 TS-453U-RP 双电源 含4块4TB企业盘,﻿￥18700.00,1
﻿威联通（QNAP）,10900232037,http://item.jd.com/10900232037.html,﻿威联通QNAP TS-431P 家庭个人工作室设计 4盘位 NAS 网络存储器 TS-431P 配2块2TB NAS盘,﻿￥4050.00,1
﻿威联通（QNAP）,11120642472,http://item.jd.com/11120642472.html,﻿Qnap 威联通 TS-653A 网络存储 NAS  HDMI高清显示 6盘位 TS-653A 8G 标机,﻿￥7500.00,1
﻿威联通（QNAP）,11127234501,http://item.jd.com/11127234501.html,﻿威联通QNAP TS-563 四核心企业级 NAS 网络存储器 5盘位 （标准版） TS-563  8G标准版 标机,﻿￥6680.00,1
﻿威联通（QNAP）,10862141568,http://item.jd.com/10862141568.html,﻿Qnap 威联通 TS-653A 网络存储 NAS  HDMI高清显示 6盘位 TS-653A 4G 标机,﻿￥6800.00,1
﻿威联通（QNAP）,10346678743,http://item.jd.com/10346678743.html,﻿威联通QNAP TS-253A-4G 2盘位  网络存储器NAS 高性能 TS-253A 4G,﻿￥3680.00,1
﻿威联通（QNAP）,10333031325,http://item.jd.com/10333031325.html,﻿威联通QNAP TAS-268play版 QTS-Android 双系统 多媒体网络存储器 TAS-268P-2G 含2块2TB NAS盘,﻿￥3199.00,1
﻿威联通（QNAP）,11167250493,http://item.jd.com/11167250493.html,﻿威联通qnap TS-221 NAS 网络存储器 标配空巢,﻿￥1999.00,1
﻿威联通（QNAP）,11240496410,http://item.jd.com/11240496410.html,﻿QNAP 威联通 TS-251A USB直连 2盘位网络存储器 NAS云存储 TS-251A-2G 标机,﻿￥2780.00,1
﻿威联通（QNAP）,11240549668,http://item.jd.com/11240549668.html,﻿QNAP 威联通 TS-431+ 网络存储器 NAS云存储 4盘位 TS-431+ 标机,﻿￥2999.00,1
﻿威联通（QNAP）,10686868179,http://item.jd.com/10686868179.html,﻿威联通（QNAP）TS-431P  1.4GHz CPU 双千兆网口 四盘位企业级 标配空巢,﻿￥2399.00,1
﻿威联通（QNAP）,11240496411,http://item.jd.com/11240496411.html,﻿QNAP 威联通 TS-251A USB直连 2盘位网络存储器 NAS云存储 TS-251A-2G 配2块2TB NAS盘,﻿￥4080.00,1
﻿威联通（QNAP）,10346593973,http://item.jd.com/10346593973.html,﻿威联通QNAP TS-231P 2盘位 网络存储器NAS 新品 TS-231 标机 配2块2TB NAS盘,﻿￥2899.00,1
﻿威联通（QNAP）,10620982425,http://item.jd.com/10620982425.html,﻿Qnap 威联通 TS-251+ 网络存储 NAS  HDMI高清显示 高速四核心 2盘位 TS-251+ 2G  含2块2TB NAS盘,﻿￥4580.00,1
﻿威联通（QNAP）,10346575124,http://item.jd.com/10346575124.html,﻿威联通QNAP TS-431P 家庭个人工作室设计 4盘位 NAS 网络存储器 TS-431+ 标机,﻿￥2999.00,1
﻿威联通（QNAP）,10285931720,http://item.jd.com/10285931720.html,﻿威联通QNAP TS-431P 家庭个人工作室设计 4盘位 NAS 网络存储器 TS-431+  配4块4TB NAS盘,﻿￥7799.00,1
﻿威联通（QNAP）,10632487049,http://item.jd.com/10632487049.html,﻿Qnap 威联通 TS-451+ 网络存储器 NAS  HDMI高清显示 4盘位 TS-451+ 2G 含4块2TB NAS盘,﻿￥7180.00,1
﻿威联通（QNAP）,10867185060,http://item.jd.com/10867185060.html,﻿威联通QNAP TS-431P 家庭个人工作室设计 4盘位 NAS 网络存储器 TS-431P 配4块4TB NAS盘,﻿￥7550.00,1
﻿威联通（QNAP）,10867212136,http://item.jd.com/10867212136.html,﻿威联通QNAP TS-431P 家庭个人工作室设计 4盘位 NAS 网络存储器 TS-431P 配3块2TB NAS盘,﻿￥4699.00,1
﻿威联通（QNAP）,10435119447,http://item.jd.com/10435119447.html,﻿威联通QNAP TAS-268play版 QTS-Android 双系统 多媒体网络存储器 TAS-268P-2G 含2块4TB NAS盘,﻿￥4299.00,1
﻿威联通（QNAP）,11240666914,http://item.jd.com/11240666914.html,﻿QNAP威联通 TS-1635 高性价比 16盘位 商用级四核心 TS-1635-8G 标机,﻿￥17999.00,1
﻿威联通（QNAP）,11240666909,http://item.jd.com/11240666909.html,﻿QNAP威联通 TS-1635 高性价比 16盘位 商用级四核心 TS-1635-8G 配12块6TB企业盘,﻿￥44399.00,1
﻿威联通（QNAP）,11240395223,http://item.jd.com/11240395223.html,﻿威联通 TS-451A-2G 4盘位高性能 USB直连 网络存储器 NAS云存储 TS-451A 2G  含3块4TB NAS盘,﻿￥7450.00,1
﻿威联通（QNAP）,11038725923,http://item.jd.com/11038725923.html,﻿威联通（QNAP）TS-853U-RP 四核心 双电源机架式企业级网络存储器 8盘位 TS-853U-SP 单电源 配4块4TB企业盘,﻿￥20199.00,1
﻿威联通（QNAP）,11240666910,http://item.jd.com/11240666910.html,﻿QNAP威联通 TS-1635 高性价比 16盘位 商用级四核心 TS-1635-4G 配12块4TB企业盘,﻿￥30899.00,1
﻿威联通（QNAP）,10346835246,http://item.jd.com/10346835246.html,﻿威联通QNAP TS-1253U-SP 单电路 机架式企业级网络存储器NAS 12盘位 TS-1253U-SP 标机,﻿￥19000.00,1
﻿威联通（QNAP）,10862141569,http://item.jd.com/10862141569.html,﻿Qnap 威联通 TS-653A 网络存储 NAS  HDMI高清显示 6盘位 TS-653A 4G 配6块4TB 企业盘,﻿￥14600.00,1
﻿威联通（QNAP）,10346835247,http://item.jd.com/10346835247.html,﻿威联通QNAP TS-1253U-SP 单电路 机架式企业级网络存储器NAS 12盘位 TS-1253U-SP 含12块4TB企业盘,﻿￥34600.00,1
﻿威联通（QNAP）,11102482823,http://item.jd.com/11102482823.html,﻿威联通QNAP TS-531X 高性能5盘位万兆网络光口 网络存储器 5盘位 4G内存 TS-531X-8G 配5块4TB 企业盘,﻿￥11499.00,1
﻿威联通（QNAP）,11130841127,http://item.jd.com/11130841127.html,﻿威联通QNAP TS-563 四核心企业级 NAS 网络存储器 5盘位 （标准版） TS-563 8G标准版 配5块8TB NAS盘,﻿￥21680.00,1
﻿威联通（QNAP）,10926444376,http://item.jd.com/10926444376.html,﻿威联通QNAP TS-831X-8G 8盘位标配万兆网络光口 企业级 网络存储器 TS-831X-8G,﻿￥14500.00,1
﻿威联通（QNAP）,10333026846,http://item.jd.com/10333026846.html,﻿威联通（QNAP）TS-453U-RP 四核心双电源 机架式企业级网络存储器 TS-453U-RP 双电源 标机,﻿￥13500.00,1
﻿威联通（QNAP）,10926444377,http://item.jd.com/10926444377.html,﻿威联通QNAP TS-831X-8G 8盘位标配万兆网络光口 企业级 网络存储器 TS-831X-8G 配8块4TB NAS盘,﻿￥24100.00,1
﻿威联通（QNAP）,10926444379,http://item.jd.com/10926444379.html,﻿威联通QNAP TS-831X-8G 8盘位标配万兆网络光口 企业级 网络存储器 TS-831X-8G 配8块6TB NAS盘,﻿￥32100.00,1
﻿威联通（QNAP）,10962692805,http://item.jd.com/10962692805.html,﻿威联通QNAP TS-531X 高性能5盘位万兆网络光口 网络存储器 5盘位 4G内存 TS-531X-4G 配5块4TB 企业盘,﻿￥10899.00,1
﻿威联通（QNAP）,10926444378,http://item.jd.com/10926444378.html,﻿威联通QNAP TS-831X-8G 8盘位标配万兆网络光口 企业级 网络存储器 TS-831X-8G 配8块4TB 企业盘,﻿￥24100.00,1
﻿威联通（QNAP）,10862141570,http://item.jd.com/10862141570.html,﻿Qnap 威联通 TS-653A 网络存储 NAS  HDMI高清显示 6盘位 TS-653A 4G 配6块6TB 企业盘,﻿￥19999.00,1
﻿威联通（QNAP）,10334167172,http://item.jd.com/10334167172.html,﻿威联通(QNAP) TS-451U   双核芯 企业级 机架式网络存储器 NAS 1U TS-451U  含4块4TB企业级硬盘,﻿￥12400.00,1
﻿威联通（QNAP）,10967538106,http://item.jd.com/10967538106.html,﻿威联通QNAP TS-563 四核心企业级 NAS 网络存储器 5盘位 （标准版） TS-563  2G标准版  配5块4T NAS盘,﻿￥12179.00,1
﻿威联通（QNAP）,11102469475,http://item.jd.com/11102469475.html,﻿威联通QNAP TS-531X 高性能5盘位万兆网络光口 网络存储器 5盘位 4G内存 TS-531X-8G 配4块4TB 企业盘,﻿￥10199.00,1
﻿威联通（QNAP）,11240430242,http://item.jd.com/11240430242.html,﻿QNAP 威联通 TS-431  网络存储器 4盘位 私有云存储 TS-431 配3块4TB NAS 盘,﻿￥5980.00,1
﻿威联通（QNAP）,10605774458,http://item.jd.com/10605774458.html,﻿威联通QNAP TS-563 四核心企业级 NAS 网络存储器 5盘位 （标准版） TS-563  2G标准版  配5块2T NAS盘,﻿￥9429.00,1
﻿威联通（QNAP）,11240496409,http://item.jd.com/11240496409.html,﻿QNAP 威联通 TS-251A USB直连 2盘位网络存储器 NAS云存储 TS-251A-2G 配2块4TB NAS盘,﻿￥5180.00,1
﻿威联通（QNAP）,10346563735,http://item.jd.com/10346563735.html,﻿Qnap 威联通 TS-451+ 网络存储器 NAS  HDMI高清显示 4盘位 TS-451+ 2G 标机,﻿￥4180.00,1
﻿威联通（QNAP）,10346563736,http://item.jd.com/10346563736.html,﻿Qnap 威联通 TS-451+ 网络存储器 NAS  HDMI高清显示 4盘位 TS-451+ 2G  含4块4TB NAS盘,﻿￥9380.00,1
﻿威联通（QNAP）,10561490329,http://item.jd.com/10561490329.html,﻿威联通QNAP TS-431P 家庭个人工作室设计 4盘位 NAS 网络存储器 TS-431+  配4块2TB NAS盘,﻿￥5599.00,1
﻿威联通（QNAP）,10706569686,http://item.jd.com/10706569686.html,﻿Qnap 威联通 TS-451+ 网络存储器 NAS  HDMI高清显示 4盘位 TS-451+ 8G 含4块3TB NAS盘,﻿￥8499.00,1
﻿威联通（QNAP）,10549817790,http://item.jd.com/10549817790.html,﻿Qnap 威联通 TS-451+ 网络存储器 NAS  HDMI高清显示 4盘位 TS-451+  2G含2块4T NAS盘,﻿￥6780.00,1
﻿威联通（QNAP）,11247028233,http://item.jd.com/11247028233.html,﻿威联通QNAP TS-231P 2盘位 网络存储器NAS 新品 TS-231 标机 配2块4TB NAS盘,﻿￥3899.00,1
﻿威联通（QNAP）,10346771115,http://item.jd.com/10346771115.html,﻿威联通（QNAP）TS-853U-RP 四核心 双电源机架式企业级网络存储器 8盘位 TS-853U-SP 单电源 标机,﻿￥15000.00,1
﻿威联通（QNAP）,11167250494,http://item.jd.com/11167250494.html,﻿威联通qnap TS-221 NAS 网络存储器 12T 2x6TB服务器红盘,﻿￥6137.00,1
﻿威联通（QNAP）,11167250496,http://item.jd.com/11167250496.html,﻿威联通qnap TS-221 NAS 网络存储器 6T 2*3T服务器红盘,﻿￥3897.00,1
﻿威联通（QNAP）,10346678744,http://item.jd.com/10346678744.html,﻿威联通QNAP TS-253A-4G 2盘位  网络存储器NAS 高性能 TS-253A 4G 含2块4TB NAS盘,﻿￥6080.00,1
﻿威联通（QNAP）,11167250497,http://item.jd.com/11167250497.html,﻿威联通qnap TS-221 NAS 网络存储器 8T 2x4TB服务器红盘,﻿￥4557.00,1
﻿威联通（QNAP）,11167250495,http://item.jd.com/11167250495.html,﻿威联通qnap TS-221 NAS 网络存储器 4T  2x2TB 服务器红盘,﻿￥3317.00,1
﻿威联通（QNAP）,11222410028,http://item.jd.com/11222410028.html,﻿威联通QNAP TS-831X系列 8盘位标配万兆网络光口 企业级 网络存储器 ,﻿￥23999.00,1
﻿威联通（QNAP）,11240666911,http://item.jd.com/11240666911.html,﻿QNAP威联通 TS-1635 高性价比 16盘位 商用级四核心 TS-1635-8G 配12块4TB企业盘,﻿￥32399.00,1
﻿威联通（QNAP）,11240395216,http://item.jd.com/11240395216.html,﻿威联通 TS-451A-2G 4盘位高性能 USB直连 网络存储器 NAS云存储 TS-451A 4G 标机,﻿￥4299.00,1
﻿威联通（QNAP）,10346750902,http://item.jd.com/10346750902.html,﻿威联通（QNAP）TS-453U-RP 四核心双电源 机架式企业级网络存储器 TS-453U-SP 单电源 标机,﻿￥11000.00,1
﻿威联通（QNAP）,11240430239,http://item.jd.com/11240430239.html,﻿QNAP 威联通 TS-431  网络存储器 4盘位 私有云存储 TS-431 配4块2TB NAS 盘,﻿￥4980.00,1
﻿威联通（QNAP）,10962692803,http://item.jd.com/10962692803.html,﻿威联通QNAP TS-531X 高性能5盘位万兆网络光口 网络存储器 5盘位 4G内存 TS-531X-4G配5块2TB NAS盘,﻿￥7749.00,1
﻿威联通（QNAP）,11011208797,http://item.jd.com/11011208797.html,﻿威联通（QNAP）TS-453U-RP 四核心双电源 机架式企业级网络存储器 TS-453U-SP单电源 含4块2TB NAS盘,﻿￥13999.00,1
﻿威联通（QNAP）,11011208796,http://item.jd.com/11011208796.html,﻿威联通（QNAP）TS-453U-RP 四核心双电源 机架式企业级网络存储器 TS-453U-RP双电源 含4块2TB NAS盘,﻿￥16499.00,1
﻿威联通（QNAP）,11166385081,http://item.jd.com/11166385081.html,﻿威联通（QNAP）TS-453U-RP 四核心双电源 机架式企业级网络存储器 TS-453U-RP 双电源含4块4TB NAS盘,﻿￥18300.00,1
﻿威联通（QNAP）,10346750903,http://item.jd.com/10346750903.html,﻿威联通（QNAP）TS-453U-RP 四核心双电源 机架式企业级网络存储器 TS-453U-SP 单电源 含4块4TB企业盘,﻿￥16200.00,1
﻿威联通（QNAP）,11240549667,http://item.jd.com/11240549667.html,﻿QNAP 威联通 TS-431+ 网络存储器 NAS云存储 4盘位 TS-431+ 标机 配4块4TB NAS盘,﻿￥7799.00,1
﻿威联通（QNAP）,10334167171,http://item.jd.com/10334167171.html,﻿威联通(QNAP) TS-451U   双核芯 企业级 机架式网络存储器 NAS 1U TS-451U,﻿￥7200.00,1
﻿威联通（QNAP）,11240430243,http://item.jd.com/11240430243.html,﻿QNAP 威联通 TS-431  网络存储器 4盘位 私有云存储 TS-431 配3块2TB NAS 盘,﻿￥4330.00,1
﻿威联通（QNAP）,10346593972,http://item.jd.com/10346593972.html,﻿威联通QNAP TS-231P 2盘位 网络存储器NAS 新品 TS-231 标机,﻿￥1499.00,1
﻿威联通（QNAP）,10334191834,http://item.jd.com/10334191834.html,﻿威联通QNAP TS-431U  企业级机架式1U 4盘位 NAS网络存储 服务器 TS-431U  含4块4TB企业级硬盘,﻿￥10100.00,1
﻿威联通（QNAP）,10334191833,http://item.jd.com/10334191833.html,﻿威联通QNAP TS-431U  企业级机架式1U 4盘位 NAS网络存储 服务器 TS-431U,﻿￥5300.00,1
﻿威联通（QNAP）,11240395218,http://item.jd.com/11240395218.html,﻿威联通 TS-451A-2G 4盘位高性能 USB直连 网络存储器 NAS云存储 TS-451A 2G  含4块2TB NAS盘,﻿￥6450.00,1
﻿威联通（QNAP）,11240395221,http://item.jd.com/11240395221.html,﻿威联通 TS-451A-2G 4盘位高性能 USB直连 网络存储器 NAS云存储 TS-451A 4G  含4块2TB NAS盘,﻿￥6899.00,1
﻿威联通（QNAP）,11240395220,http://item.jd.com/11240395220.html,﻿威联通 TS-451A-2G 4盘位高性能 USB直连 网络存储器 NAS云存储 TS-451A 2G  含4块4TB NAS盘,﻿￥8650.00,1
﻿威联通（QNAP）,11240395215,http://item.jd.com/11240395215.html,﻿威联通 TS-451A-2G 4盘位高性能 USB直连 网络存储器 NAS云存储 TS-451A 4G  含3块4TB NAS盘,﻿￥7899.00,1
﻿威联通（QNAP）,11240395219,http://item.jd.com/11240395219.html,﻿威联通 TS-451A-2G 4盘位高性能 USB直连 网络存储器 NAS云存储 TS-451A 4G  含3块2TB NAS盘,﻿￥6249.00,1
﻿威联通（QNAP）,11240395224,http://item.jd.com/11240395224.html,﻿威联通 TS-451A-2G 4盘位高性能 USB直连 网络存储器 NAS云存储 TS-451A 2G  含3块2TB NAS盘,﻿￥5799.00,1
﻿威联通（QNAP）,11240430240,http://item.jd.com/11240430240.html,﻿QNAP 威联通 TS-431  网络存储器 4盘位 私有云存储 TS-431 配4块4TB NAS 盘,﻿￥7180.00,1
﻿威联通（QNAP）,11240549669,http://item.jd.com/11240549669.html,﻿QNAP 威联通 TS-431+ 网络存储器 NAS云存储 4盘位 TS-431+ 标机 配3块4TB NAS盘,﻿￥6599.00,1
﻿威联通（QNAP）,11240549666,http://item.jd.com/11240549666.html,﻿QNAP 威联通 TS-431+ 网络存储器 NAS云存储 4盘位 TS-431+ 标机 配4块2TB NAS盘,﻿￥5599.00,1
﻿威联通（QNAP）,11240549670,http://item.jd.com/11240549670.html,﻿QNAP 威联通 TS-431+ 网络存储器 NAS云存储 4盘位 TS-431+ 标机 配3块2TB NAS盘,﻿￥4949.00,1
﻿威联通（QNAP）,10601486955,http://item.jd.com/10601486955.html,﻿威联通（QNAP）TS-853U  带电源机架式网络存 RP双电源 32TB希捷NAS盘4T*8,﻿￥25980.00,1
﻿威联通（QNAP）,10624671693,http://item.jd.com/10624671693.html,﻿威联通（QNAP）TS-453A 4G内存 NAS网络存储器 四核四网卡 双系统 8TB NAS红盘2T*4,﻿￥8316.00,1
﻿威联通（QNAP）,10623767759,http://item.jd.com/10623767759.html,﻿威联通（QNAP）TS-451+ NAS网络存储器 赛扬2.0G四核CPU 8G内存 12T 4x3TB红盘,﻿￥8339.00,1
﻿威联通（QNAP）,10687217304,http://item.jd.com/10687217304.html,﻿QNAP威联通UX-800P UX系列储存8盘位扩充设备251 451 651机型兼容 80TB 8x10TB企业级硬盘,﻿￥55799.00,1
﻿威联通（QNAP）,11150362872,http://item.jd.com/11150362872.html,﻿威联通（Qnap）机架式服务器导轨,﻿￥650.00,1
﻿威联通（QNAP）,10470987849,http://item.jd.com/10470987849.html,﻿威联通QNAP TAS-268play版 NAS存储器家庭私有云 标配 不含盘,﻿￥1999.00,1
﻿威联通（QNAP）,10624664217,http://item.jd.com/10624664217.html,﻿威联通（QNAP）TS-1253U 企业NAS专盘 含导轨 12盘位 双电源RP 72T NAS红盘6T*12,﻿￥47828.00,1
﻿威联通（QNAP）,10608467075,http://item.jd.com/10608467075.html,﻿QNAP威联通UX-800P UX系列储存8盘位扩充设备251 451 651机型兼容 0TB 不含盘,﻿￥4999.00,1
﻿威联通（QNAP）,10627076523,http://item.jd.com/10627076523.html,﻿威联通（QNAP）TS-451 赛扬双核浮点运算2.41GHz CPU 4G内存 0TB 不含盘,﻿￥3888.00,1
﻿威联通（QNAP）,10611672485,http://item.jd.com/10611672485.html,﻿威联通(QNAP) TS-120迅雷版 含2T硬盘 单盘位经典入门款网络存储服务器 ,﻿￥1699.00,1
﻿威联通（QNAP）,10624664216,http://item.jd.com/10624664216.html,﻿威联通（QNAP）TS-1253U 企业NAS专盘 含导轨 12盘位 双电源RP 48TB NAS红盘4T*12,﻿￥38348.00,1
﻿威联通（QNAP）,10686868188,http://item.jd.com/10686868188.html,﻿威联通（QNAP）TS-431P  1.4GHz CPU 双千兆网口 四盘位企业级 40t 4x10企业级硬盘,﻿￥31999.00,1
﻿威联通（QNAP）,10608298970,http://item.jd.com/10608298970.html,﻿威联通（QNAP）TS-563 AMD 4核2.0 GHz 处理器 支持万兆网卡 黑色 15TB NAS红盘3T*5,﻿￥9699.00,1
﻿威联通（QNAP）,10608386419,http://item.jd.com/10608386419.html,﻿威联通（QNAP）TS-451+  NAS网络存储器 赛扬2.0G四核CPU 8G内存 0TB 不含盘,﻿￥4480.00,1
﻿威联通（QNAP）,10617542901,http://item.jd.com/10617542901.html,﻿威联通（QNAP）TS-231+ NAS双核浮点运算网络存储器 1G内存 6TB 2x3TB红盘,﻿￥4299.00,1
﻿威联通（QNAP）,10612210105,http://item.jd.com/10612210105.html,﻿威联通（QNAP）TS-251+ 2G内存 NAS网络存储器 赛扬2.0G四核CPU 空槽标配,﻿￥3280.00,1
﻿威联通（QNAP）,10605023714,http://item.jd.com/10605023714.html,﻿威联通（QNAP）TS-653A 4G内存 NAS网络存储器 四核四网卡 双系统 6盘位 黑色 24TB NAS红盘4T*6,﻿￥14900.00,1
﻿威联通（QNAP）,3218998,http://item.jd.com/3218998.html,﻿威联通（QNAP）TS-212P 两盘位网络存储服务器 CPU 1.6GHz 内存512MB,﻿￥899.00,0
﻿威联通（QNAP）,10608298971,http://item.jd.com/10608298971.html,﻿威联通（QNAP）TS-563 AMD 4核2.0 GHz 处理器 支持万兆网卡 黑色 20TB NAS红盘4T*5,﻿￥11849.00,1
﻿威联通（QNAP）,10601486953,http://item.jd.com/10601486953.html,﻿威联通（QNAP）TS-853U  带电源机架式网络存 RP双电源 8TB希捷NAS盘1T*8,﻿￥23180.00,1
﻿威联通（QNAP）,11250538424,http://item.jd.com/11250538424.html,﻿威联通（QNAP）TS-453 Pro 四核 2.0 GHz CPU 四盘位网络存储服务器 四千兆网口 支持多虚拟机 8G内存 16TB 4*4T  NAS红盘,﻿￥10355.00,1
﻿威联通（QNAP）,11250538428,http://item.jd.com/11250538428.html,﻿威联通（QNAP）TS-453 Pro 四核 2.0 GHz CPU 四盘位网络存储服务器 四千兆网口 支持多虚拟机 4G内存 16TB 4*4T  NAS红盘,﻿￥10035.00,1
﻿威联通（QNAP）,11250538426,http://item.jd.com/11250538426.html,﻿威联通（QNAP）TS-453 Pro 四核 2.0 GHz CPU 四盘位网络存储服务器 四千兆网口 支持多虚拟机 8G内存 0TB 空槽,﻿￥5999.00,1
﻿威联通（QNAP）,10604834674,http://item.jd.com/10604834674.html,﻿威联通（QNAP）TS-451+ 2G内存 NAS网络存储器 赛扬2.0G四核CPU 0TB 无盘,﻿￥4399.00,1
﻿威联通（QNAP）,10601486956,http://item.jd.com/10601486956.html,﻿威联通（QNAP）TS-853U  带电源机架式网络存 RP双电源 24TB希捷NAS盘3T*8,﻿￥27580.00,1
﻿威联通（QNAP）,10605023716,http://item.jd.com/10605023716.html,﻿威联通（QNAP）TS-653A 4G内存 NAS网络存储器 四核四网卡 双系统 6盘位 黑色 0TB,﻿￥7280.00,1
﻿威联通（QNAP）,10470987850,http://item.jd.com/10470987850.html,﻿威联通QNAP TAS-268play版 NAS存储器家庭私有云 含2块2TB西数红盘,﻿￥3399.00,1
﻿威联通（QNAP）,10470987851,http://item.jd.com/10470987851.html,﻿威联通QNAP TAS-268play版 NAS存储器家庭私有云 含2块4TB企业盘,﻿￥4399.00,1
﻿威联通（QNAP）,10617537799,http://item.jd.com/10617537799.html,﻿威联通（QNAP）TS-231+ NAS双核浮点运算网络存储器 1G内存 0TB 空槽标配,﻿￥2399.00,1
﻿威联通（QNAP）,10624671692,http://item.jd.com/10624671692.html,﻿威联通（QNAP）TS-453A 4G内存 NAS网络存储器 四核四网卡 双系统 0TB 不含盘,﻿￥5680.00,1
﻿威联通（QNAP）,10624671696,http://item.jd.com/10624671696.html,﻿威联通（QNAP）TS-453A 4G内存 NAS网络存储器 四核四网卡 双系统 24TB NAS红盘6T*4,﻿￥13956.00,1
﻿威联通（QNAP）,10617542904,http://item.jd.com/10617542904.html,﻿威联通（QNAP）TS-231+ NAS双核浮点运算网络存储器 1G内存 16T 2x8TB红盘,﻿￥6999.00,1
﻿威联通（QNAP）,10686868184,http://item.jd.com/10686868184.html,﻿威联通（QNAP）TS-431P  1.4GHz CPU 双千兆网口 四盘位企业级 32TB 4x8TB服务器红盘,﻿￥13999.00,1
﻿威联通（QNAP）,10611946101,http://item.jd.com/10611946101.html,﻿威联通（QNAP）TS-431+  1.4GHz CPU 双千兆网口 四盘位企业级 32T  4x8TB企业级,﻿￥26999.00,1
﻿威联通（QNAP）,10601190754,http://item.jd.com/10601190754.html,﻿威联通（QNAP）TS-251+ 2G内存 NAS网络存储器 赛扬2.0G四核CPU 黑色 0TB 不含盘,﻿￥3280.00,1
﻿威联通（QNAP）,10612078296,http://item.jd.com/10612078296.html,﻿威联通QNAP TAS-268play版 NAS存储器家庭私有云 个人云 4T 内置2块2TB西数红盘,﻿￥3599.00,1
﻿威联通（QNAP）,10608094146,http://item.jd.com/10608094146.html,﻿威联通（QNAP）TS-531P 2G 内存 5盘位NAS网络存储器 1.4G四核 四千兆 15TB NAS红盘3T*5,﻿￥8980.00,1
﻿威联通（QNAP）,10624664214,http://item.jd.com/10624664214.html,﻿威联通（QNAP）TS-1253U 企业NAS专盘 含导轨 12盘位 双电源RP 24TB NAS红盘2T*12,﻿￥30908.00,1
﻿威联通（QNAP）,10687210399,http://item.jd.com/10687210399.html,﻿QNAP威联通UX-800P UX系列储存8盘位扩充设备251 451 651机型兼容 16TB 2x8TB红盘,﻿￥12899.00,1
﻿威联通（QNAP）,10612210110,http://item.jd.com/10612210110.html,﻿威联通（QNAP）TS-251+ 2G内存 NAS网络存储器 赛扬2.0G四核CPU 16TB  2x8TB西数红盘,﻿￥8479.00,1
﻿威联通（QNAP）,11165993835,http://item.jd.com/11165993835.html,﻿威联通（QNAP）TS-431系列  双核浮点运算 1.4GHz CPU 双千兆网口 431P 0TB 不含盘,﻿￥2399.00,1
﻿威联通（QNAP）,11250538420,http://item.jd.com/11250538420.html,﻿威联通（QNAP）TS-453 Pro 四核 2.0 GHz CPU 四盘位网络存储服务器 四千兆网口 支持多虚拟机 4G内存 32TB 4*8T NAS 红盘,﻿￥16079.00,1
﻿威联通（QNAP）,11250538419,http://item.jd.com/11250538419.html,﻿威联通（QNAP）TS-453 Pro 四核 2.0 GHz CPU 四盘位网络存储服务器 四千兆网口 支持多虚拟机 8G内存 24TB 4*6T NAS  红盘,﻿￥14079.00,1
﻿威联通（QNAP）,11250538427,http://item.jd.com/11250538427.html,﻿威联通（QNAP）TS-453 Pro 四核 2.0 GHz CPU 四盘位网络存储服务器 四千兆网口 支持多虚拟机 4G内存 24TB 4*6T NAS  红盘,﻿￥13759.00,1
﻿威联通（QNAP）,10624626939,http://item.jd.com/10624626939.html,﻿威联通（QNAP）TS-853U 企业级NAS 含导轨 双电源机架式 八盘位 双电源RP 48TB NAS红盘6T*8,﻿￥34052.00,1
﻿威联通（QNAP）,11250538429,http://item.jd.com/11250538429.html,﻿威联通（QNAP）TS-453 Pro 四核 2.0 GHz CPU 四盘位网络存储服务器 四千兆网口 支持多虚拟机 4G内存 0TB 空槽,﻿￥5680.00,1
﻿威联通（QNAP）,10601486952,http://item.jd.com/10601486952.html,﻿威联通（QNAP）TS-853U  带电源机架式网络存 RP双电源 0TB,﻿￥17500.00,1
﻿威联通（QNAP）,10601486951,http://item.jd.com/10601486951.html,﻿威联通（QNAP）TS-853U  带电源机架式网络存 SP单电源 24TB希捷NAS盘3T*8,﻿￥23480.00,1
﻿威联通（QNAP）,10624626945,http://item.jd.com/10624626945.html,﻿威联通（QNAP）TS-853U 企业级NAS 含导轨 双电源机架式 八盘位 单电源SP 24TB NAS红盘3T*8,﻿￥22592.00,1
﻿威联通（QNAP）,10601486950,http://item.jd.com/10601486950.html,﻿威联通（QNAP）TS-853U  带电源机架式网络存 SP单电源 32TB希捷NAS盘4T*8,﻿￥26080.00,1
﻿威联通（QNAP）,10604834671,http://item.jd.com/10604834671.html,﻿威联通（QNAP）TS-451+ 2G内存 NAS网络存储器 赛扬2.0G四核CPU 12TB NAS红盘3T*4,﻿￥8188.00,1
﻿威联通（QNAP）,10468668209,http://item.jd.com/10468668209.html,﻿威联通（QNAP）TS-453U 含4块4T希捷企业NAS专盘 含导轨 单电源机架式网络存 企业级含4块4T希捷盘,﻿￥16900.00,1
﻿威联通（QNAP）,10608298972,http://item.jd.com/10608298972.html,﻿威联通（QNAP）TS-563 AMD 4核2.0 GHz 处理器 支持万兆网卡 黑色 30TB NAS红盘6T*5,﻿￥15344.00,1
﻿威联通（QNAP）,10601486947,http://item.jd.com/10601486947.html,﻿威联通（QNAP）TS-853U  带电源机架式网络存 SP单电源 0TB,﻿￥15000.00,1
﻿威联通（QNAP）,10468668210,http://item.jd.com/10468668210.html,﻿威联通（QNAP）TS-453U 含4块4T希捷企业NAS专盘 含导轨 单电源机架式网络存 企业级含4块4T希捷盘+双电源,﻿￥19500.00,1
﻿威联通（QNAP）,10601486948,http://item.jd.com/10601486948.html,﻿威联通（QNAP）TS-853U  带电源机架式网络存 SP单电源 8TB希捷NAS盘1T*8,﻿￥20680.00,1
﻿威联通（QNAP）,10624626947,http://item.jd.com/10624626947.html,﻿威联通（QNAP）TS-853U 企业级NAS 含导轨 双电源机架式 八盘位 单电源SP 0TB 不含盘,﻿￥15000.00,1
﻿威联通（QNAP）,10624626942,http://item.jd.com/10624626942.html,﻿威联通（QNAP）TS-853U 企业级NAS 含导轨 双电源机架式 八盘位 双电源RP 0TB 不含盘,﻿￥17500.00,1
﻿威联通（QNAP）,10601486949,http://item.jd.com/10601486949.html,﻿威联通（QNAP）TS-853U  带电源机架式网络存 SP单电源 16TB希捷NAS盘2T*8,﻿￥21720.00,1
﻿威联通（QNAP）,10624626944,http://item.jd.com/10624626944.html,﻿威联通（QNAP）TS-853U 企业级NAS 含导轨 双电源机架式 八盘位 单电源SP 48TB NAS红盘6T*8,﻿￥31552.00,1
﻿威联通（QNAP）,10601486954,http://item.jd.com/10601486954.html,﻿威联通（QNAP）TS-853U  带电源机架式网络存 RP双电源 16TB希捷NAS盘2T*8,﻿￥24220.00,1
﻿威联通（QNAP）,10624626938,http://item.jd.com/10624626938.html,﻿威联通（QNAP）TS-853U 企业级NAS 含导轨 双电源机架式 八盘位 双电源RP 32TB NAS红盘4T*8,﻿￥27732.00,1
﻿威联通（QNAP）,10608298969,http://item.jd.com/10608298969.html,﻿威联通（QNAP）TS-563 AMD 4核2.0 GHz 处理器 支持万兆网卡 黑色 10TB NAS红盘2T*5,﻿￥8249.00,1
﻿威联通（QNAP）,10624626943,http://item.jd.com/10624626943.html,﻿威联通（QNAP）TS-853U 企业级NAS 含导轨 双电源机架式 八盘位 单电源SP 32TB NAS红盘4T*8,﻿￥25232.00,1
﻿威联通（QNAP）,10604834670,http://item.jd.com/10604834670.html,﻿威联通（QNAP）TS-451+ 2G内存 NAS网络存储器 赛扬2.0G四核CPU 8TB NAS红盘2T*4,﻿￥6999.00,1
﻿威联通（QNAP）,10624626941,http://item.jd.com/10624626941.html,﻿威联通（QNAP）TS-853U 企业级NAS 含导轨 双电源机架式 八盘位 双电源RP 16TB NAS红盘2T*8,﻿￥22772.00,1
﻿威联通（QNAP）,10624626946,http://item.jd.com/10624626946.html,﻿威联通（QNAP）TS-853U 企业级NAS 含导轨 双电源机架式 八盘位 单电源SP 16TB NAS红盘2T*8,﻿￥20272.00,1
﻿威联通（QNAP）,10604834673,http://item.jd.com/10604834673.html,﻿威联通（QNAP）TS-451+ 2G内存 NAS网络存储器 赛扬2.0G四核CPU 24TB NAS红盘6T*4,﻿￥12666.00,1
﻿威联通（QNAP）,10624626940,http://item.jd.com/10624626940.html,﻿威联通（QNAP）TS-853U 企业级NAS 含导轨 双电源机架式 八盘位 双电源RP 24TB NAS红盘3T*8,﻿￥25092.00,1
﻿威联通（QNAP）,10604834672,http://item.jd.com/10604834672.html,﻿威联通（QNAP）TS-451+ 2G内存 NAS网络存储器 赛扬2.0G四核CPU 16TB NAS红盘4T*4,﻿￥9518.00,1
﻿威联通（QNAP）,11250538430,http://item.jd.com/11250538430.html,﻿威联通（QNAP）TS-453 Pro 四核 2.0 GHz CPU 四盘位网络存储服务器 四千兆网口 支持多虚拟机 8G内存 32TB 4*8T NAS 红盘,﻿￥16399.00,1
﻿威联通（QNAP）,11250538425,http://item.jd.com/11250538425.html,﻿威联通（QNAP）TS-453 Pro 四核 2.0 GHz CPU 四盘位网络存储服务器 四千兆网口 支持多虚拟机 8G内存 8TB 4*2T NAS红盘,﻿￥8599.00,1
﻿威联通（QNAP）,11217449205,http://item.jd.com/11217449205.html,﻿威联通（QNAP）TS-231系列 NAS双核浮点运算网络存储器 1G内存 TS-231+ 12TB  NAS红盘6T*2,﻿￥6137.00,1
﻿威联通（QNAP）,11250538422,http://item.jd.com/11250538422.html,﻿威联通（QNAP）TS-453 Pro 四核 2.0 GHz CPU 四盘位网络存储服务器 四千兆网口 支持多虚拟机 4G内存 12TB 4*3T NAS 红盘,﻿￥9239.00,1
﻿威联通（QNAP）,11250538421,http://item.jd.com/11250538421.html,﻿威联通（QNAP）TS-453 Pro 四核 2.0 GHz CPU 四盘位网络存储服务器 四千兆网口 支持多虚拟机 4G内存 8TB 4*2T NAS红盘,﻿￥8279.00,1
﻿威联通（QNAP）,11250538423,http://item.jd.com/11250538423.html,﻿威联通（QNAP）TS-453 Pro 四核 2.0 GHz CPU 四盘位网络存储服务器 四千兆网口 支持多虚拟机 8G内存 12TB 4*3T NAS 红盘,﻿￥9559.00,1
﻿威联通（QNAP）,11217449204,http://item.jd.com/11217449204.html,﻿威联通（QNAP）TS-231系列 NAS双核浮点运算网络存储器 1G内存 TS-231P 12TB  NAS红盘6T*2,﻿￥5888.00,1
﻿威联通（QNAP）,11217449208,http://item.jd.com/11217449208.html,﻿威联通（QNAP）TS-231系列 NAS双核浮点运算网络存储器 1G内存 TS-231+ 8TB  NAS红盘4T*2,﻿￥4557.00,1
﻿威联通（QNAP）,11217449207,http://item.jd.com/11217449207.html,﻿威联通（QNAP）TS-231系列 NAS双核浮点运算网络存储器 1G内存 TS-231+ 6TB  NAS红盘3T*2,﻿￥3897.00,1
﻿威联通（QNAP）,11217449206,http://item.jd.com/11217449206.html,﻿威联通（QNAP）TS-231系列 NAS双核浮点运算网络存储器 1G内存 TS-231+ 4TB NAS红盘2T*2,﻿￥3317.00,1
﻿威联通（QNAP）,11217449211,http://item.jd.com/11217449211.html,﻿威联通（QNAP）TS-231系列 NAS双核浮点运算网络存储器 1G内存 TS-231P 8TB  NAS红盘4T*2,﻿￥4308.00,1
﻿威联通（QNAP）,11217449203,http://item.jd.com/11217449203.html,﻿威联通（QNAP）TS-231系列 NAS双核浮点运算网络存储器 1G内存 TS-231P 4TB NAS红盘2T*2,﻿￥3068.00,1
﻿威联通（QNAP）,11217449202,http://item.jd.com/11217449202.html,﻿威联通（QNAP）TS-231系列 NAS双核浮点运算网络存储器 1G内存 TS-231P 6TB  NAS红盘3T*2,﻿￥3648.00,1
﻿威联通（QNAP）,10605023715,http://item.jd.com/10605023715.html,﻿威联通（QNAP）TS-653A 4G内存 NAS网络存储器 四核四网卡 双系统 6盘位 黑色 36TB NAS红盘6T*6,﻿￥19580.00,1
﻿威联通（QNAP）,10617542903,http://item.jd.com/10617542903.html,﻿威联通（QNAP）TS-231+ NAS双核浮点运算网络存储器 1G内存 12T 2x6TB红盘,﻿￥5999.00,1
﻿威联通（QNAP）,10617537800,http://item.jd.com/10617537800.html,﻿威联通（QNAP）TS-231+ NAS双核浮点运算网络存储器 1G内存 4TB 2x2TB红盘,﻿￥3499.00,1
﻿威联通（QNAP）,10604860631,http://item.jd.com/10604860631.html,﻿威联通（QNAP）TS-231P 1G双核1.4GHz CPU 高性能加密两盘位网络存 8TB NAS红盘4T*2,﻿￥4270.00,1
﻿威联通（QNAP）,10608467079,http://item.jd.com/10608467079.html,﻿QNAP威联通UX-800P UX系列储存8盘位扩充设备251 451 651机型兼容 32TB NAS红盘4T*8,﻿￥15231.00,1
﻿威联通（QNAP）,10604860630,http://item.jd.com/10604860630.html,﻿威联通（QNAP）TS-231P 1G双核1.4GHz CPU 高性能加密两盘位网络存 6TB NAS红盘3T*2,﻿￥3639.00,1
﻿威联通（QNAP）,10605023713,http://item.jd.com/10605023713.html,﻿威联通（QNAP）TS-653A 4G内存 NAS网络存储器 四核四网卡 双系统 6盘位 黑色 18TB NAS红盘3T*6,﻿￥12920.00,1
﻿威联通（QNAP）,10608467078,http://item.jd.com/10608467078.html,﻿QNAP威联通UX-800P UX系列储存8盘位扩充设备251 451 651机型兼容 48TB NAS红盘6T*8,﻿￥21551.00,1
﻿威联通（QNAP）,10624709509,http://item.jd.com/10624709509.html,﻿威联通QNAP TAS-268play版 NAS存储器家庭私有云 含2块6TB企业盘,﻿￥6137.00,1
﻿威联通（QNAP）,10624671695,http://item.jd.com/10624671695.html,﻿威联通（QNAP）TS-453A 4G内存 NAS网络存储器 四核四网卡 双系统 16TB NAS红盘4T*4,﻿￥10796.00,1
﻿威联通（QNAP）,10686868185,http://item.jd.com/10686868185.html,﻿威联通（QNAP）TS-431P  1.4GHz CPU 双千兆网口 四盘位企业级 16T  4x4TB企业级硬盘,﻿￥8999.00,1
﻿威联通（QNAP）,10605023712,http://item.jd.com/10605023712.html,﻿威联通（QNAP）TS-653A 4G内存 NAS网络存储器 四核四网卡 双系统 6盘位 黑色 12TB NAS红盘2T*6,﻿￥11234.00,1
﻿威联通（QNAP）,10608386418,http://item.jd.com/10608386418.html,﻿威联通（QNAP）TS-451+  NAS网络存储器 赛扬2.0G四核CPU 8G内存 24TB NAS红盘6T*4,﻿￥12756.00,1
﻿威联通（QNAP）,10608386415,http://item.jd.com/10608386415.html,﻿威联通（QNAP）TS-451+  NAS网络存储器 赛扬2.0G四核CPU 8G内存 8TB NAS红盘2T*4,﻿￥7116.00,1
﻿威联通（QNAP）,10686868186,http://item.jd.com/10686868186.html,﻿威联通（QNAP）TS-431P  1.4GHz CPU 双千兆网口 四盘位企业级 24T 4x6TB企业级硬盘,﻿￥14999.00,1
﻿威联通（QNAP）,10624671694,http://item.jd.com/10624671694.html,﻿威联通（QNAP）TS-453A 4G内存 NAS网络存储器 四核四网卡 双系统 12TB NAS红盘3T*4,﻿￥9476.00,1
﻿威联通（QNAP）,10611946102,http://item.jd.com/10611946102.html,﻿威联通（QNAP）TS-431+  1.4GHz CPU 双千兆网口 四盘位企业级 40t 4x10企业级硬盘,﻿￥31999.00,1
﻿威联通（QNAP）,10686868187,http://item.jd.com/10686868187.html,﻿威联通（QNAP）TS-431P  1.4GHz CPU 双千兆网口 四盘位企业级 32T  4x8TB企业级硬盘,﻿￥26999.00,1
﻿威联通（QNAP）,10686868180,http://item.jd.com/10686868180.html,﻿威联通（QNAP）TS-431P  1.4GHz CPU 双千兆网口 四盘位企业级 8T  4x2TB 服务器红盘,﻿￥5699.00,1
﻿威联通（QNAP）,10608386413,http://item.jd.com/10608386413.html,﻿威联通（QNAP）TS-451+  NAS网络存储器 赛扬2.0G四核CPU 2G内存 24TB NAS红盘6T*4,﻿￥12456.00,1
﻿威联通（QNAP）,10608386411,http://item.jd.com/10608386411.html,﻿威联通（QNAP）TS-451+  NAS网络存储器 赛扬2.0G四核CPU 2G内存 12TB NAS红盘3T*4,﻿￥7976.00,1
﻿威联通（QNAP）,10608386414,http://item.jd.com/10608386414.html,﻿威联通（QNAP）TS-451+  NAS网络存储器 赛扬2.0G四核CPU 2G内存 0TB 不含盘,﻿￥4180.00,1
﻿威联通（QNAP）,10611941394,http://item.jd.com/10611941394.html,﻿威联通（QNAP）TS-431+  1.4GHz CPU 双千兆网口 四盘位企业级 8T  4x2TB 服务器红盘,﻿￥5999.00,1
﻿威联通（QNAP）,10617542902,http://item.jd.com/10617542902.html,﻿威联通（QNAP）TS-231+ NAS双核浮点运算网络存储器 1G内存 8TB 2x4TB 红盘,﻿￥5399.00,1
﻿威联通（QNAP）,10686868181,http://item.jd.com/10686868181.html,﻿威联通（QNAP）TS-431P  1.4GHz CPU 双千兆网口 四盘位企业级 12T 4*3T服务器红盘,﻿￥6999.00,1
﻿威联通（QNAP）,10608386412,http://item.jd.com/10608386412.html,﻿威联通（QNAP）TS-451+  NAS网络存储器 赛扬2.0G四核CPU 2G内存 16TB NAS红盘4T*4,﻿￥9296.00,1
﻿威联通（QNAP）,11250416093,http://item.jd.com/11250416093.html,﻿威联通（QNAP）TS-453U-RP 双电源机架式企业网络存储器 含导轨 16TB 4*4T西数红盘,﻿￥17856.00,1
﻿威联通（QNAP）,10686868190,http://item.jd.com/10686868190.html,﻿威联通（QNAP）TS-431P  1.4GHz CPU 双千兆网口 四盘位企业级 16T 2x8TB服务器红盘,﻿￥8499.00,1
﻿威联通（QNAP）,10611941395,http://item.jd.com/10611941395.html,﻿威联通（QNAP）TS-431+  1.4GHz CPU 双千兆网口 四盘位企业级 12T 4*3T服务器红盘,﻿￥6999.00,1
﻿威联通（QNAP）,10611941400,http://item.jd.com/10611941400.html,﻿威联通（QNAP）TS-431+  1.4GHz CPU 双千兆网口 四盘位企业级 24T 4x6TB企业级,﻿￥14999.00,1
﻿威联通（QNAP）,11250416096,http://item.jd.com/11250416096.html,﻿威联通（QNAP）TS-453U-RP 双电源机架式企业网络存储器 含导轨 0TB 空槽,﻿￥13500.00,1
﻿威联通（QNAP）,10611941396,http://item.jd.com/10611941396.html,﻿威联通（QNAP）TS-431+  1.4GHz CPU 双千兆网口 四盘位企业级 16T 4x4TB服务器红盘,﻿￥7999.00,1
﻿威联通（QNAP）,11250416094,http://item.jd.com/11250416094.html,﻿威联通（QNAP）TS-453U-RP 双电源机架式企业网络存储器 含导轨 32TB 4*8TB西数红盘,﻿￥23900.00,1
﻿威联通（QNAP）,11250416095,http://item.jd.com/11250416095.html,﻿威联通（QNAP）TS-453U-RP 双电源机架式企业网络存储器 含导轨 24TB  4*6TB西数红盘,﻿￥21500.00,1
﻿威联通（QNAP）,10611941397,http://item.jd.com/10611941397.html,﻿威联通（QNAP）TS-431+  1.4GHz CPU 双千兆网口 四盘位企业级 24TB 4x6TB服务器红盘,﻿￥11999.00,1
﻿威联通（QNAP）,10686868183,http://item.jd.com/10686868183.html,﻿威联通（QNAP）TS-431P  1.4GHz CPU 双千兆网口 四盘位企业级 24TB 4x6TB服务器红盘,﻿￥11999.00,1
﻿威联通（QNAP）,10611941399,http://item.jd.com/10611941399.html,﻿威联通（QNAP）TS-431+  1.4GHz CPU 双千兆网口 四盘位企业级 16T  4x4TB企业级硬盘,﻿￥8999.00,1
﻿威联通（QNAP）,10611510436,http://item.jd.com/10611510436.html,﻿威联通（QNAP）TS-453A 4G内存 NAS网络存储器 四核四网卡 双系统 16TB NAS红盘4T*4,﻿￥10796.00,1
﻿威联通（QNAP）,10611946104,http://item.jd.com/10611946104.html,﻿威联通（QNAP）TS-431+  1.4GHz CPU 双千兆网口 四盘位企业级 16T 2x8TB服务器红盘,﻿￥8499.00,1
﻿威联通（QNAP）,10611946103,http://item.jd.com/10611946103.html,﻿威联通（QNAP）TS-431+  1.4GHz CPU 双千兆网口 四盘位企业级 8TB 2x4TB服务器红盘,﻿￥5699.00,1
﻿威联通（QNAP）,10686868189,http://item.jd.com/10686868189.html,﻿威联通（QNAP）TS-431P  1.4GHz CPU 双千兆网口 四盘位企业级 8TB 2x4TB服务器红盘,﻿￥5699.00,1
﻿威联通（QNAP）,10604860632,http://item.jd.com/10604860632.html,﻿威联通（QNAP）TS-231P 1G双核1.4GHz CPU 高性能加密两盘位网络存 12TB NAS红盘6T*2,﻿￥5840.00,1
﻿威联通（QNAP）,10611941393,http://item.jd.com/10611941393.html,﻿威联通（QNAP）TS-431+  1.4GHz CPU 双千兆网口 四盘位企业级 标配空槽,﻿￥3499.00,1
﻿威联通（QNAP）,10611510433,http://item.jd.com/10611510433.html,﻿威联通（QNAP）TS-453A 4G内存 NAS网络存储器 四核四网卡 双系统 标配空槽,﻿￥5680.00,1
﻿威联通（QNAP）,10604860629,http://item.jd.com/10604860629.html,﻿威联通（QNAP）TS-231P 1G双核1.4GHz CPU 高性能加密两盘位网络存 4TB NAS红盘2T*2,﻿￥3050.00,1
﻿威联通（QNAP）,10601190756,http://item.jd.com/10601190756.html,﻿威联通（QNAP）TS-251+ 2G内存 NAS网络存储器 赛扬2.0G四核CPU 黑色 6TB红盘 NAS红盘3T*2,﻿￥5300.00,1
﻿威联通（QNAP）,10623767757,http://item.jd.com/10623767757.html,﻿威联通（QNAP）TS-451+ NAS网络存储器 赛扬2.0G四核CPU 2G内存 0T 空槽,﻿￥4180.00,1
﻿威联通（QNAP）,11165993832,http://item.jd.com/11165993832.html,﻿威联通（QNAP）TS-431系列  双核浮点运算 1.4GHz CPU 双千兆网口 431P 32TB  NAS红盘8T*4,﻿￥13875.00,1
﻿威联通（QNAP）,10612078298,http://item.jd.com/10612078298.html,﻿威联通QNAP TAS-268play版 NAS存储器家庭私有云 个人云 8T 内置2块4TB西数红盘,﻿￥4799.00,1
﻿威联通（QNAP）,10624664213,http://item.jd.com/10624664213.html,﻿威联通（QNAP）TS-1253U 企业NAS专盘 含导轨 12盘位 单电源SP 0TB 不含盘,﻿￥19000.00,1
﻿威联通（QNAP）,10623767762,http://item.jd.com/10623767762.html,﻿威联通（QNAP）TS-451+ NAS网络存储器 赛扬2.0G四核CPU 8G内存 32T 4x8TB红盘,﻿￥15179.00,1
﻿威联通（QNAP）,10612078300,http://item.jd.com/10612078300.html,﻿威联通QNAP TAS-268play版 NAS存储器家庭私有云 个人云 16TB 内置2块西数8T红盘,﻿￥7999.00,1
﻿威联通（QNAP）,10423240363,http://item.jd.com/10423240363.html,﻿威联通（QNAP）TS-251+ 2G内存 NAS网络存储器 赛扬2.0G四核CPU 黑色 2TB NAS红盘1T*2,﻿￥3980.00,1
﻿威联通（QNAP）,10687210396,http://item.jd.com/10687210396.html,﻿QNAP威联通UX-800P UX系列储存8盘位扩充设备251 451 651机型兼容 0TB 空巢,﻿￥5299.00,1
﻿威联通（QNAP）,10624664212,http://item.jd.com/10624664212.html,﻿威联通（QNAP）TS-1253U 企业NAS专盘 含导轨 12盘位 单电源SP 72T NAS红盘6T*12,﻿￥43828.00,1
﻿威联通（QNAP）,10624664215,http://item.jd.com/10624664215.html,﻿威联通（QNAP）TS-1253U 企业NAS专盘 含导轨 12盘位 双电源RP 36TB NAS红盘3T*12,﻿￥34388.00,1
﻿威联通（QNAP）,10608094148,http://item.jd.com/10608094148.html,﻿威联通（QNAP）TS-531P 2G 内存 5盘位NAS网络存储器 1.4G四核 四千兆 30TB NAS红盘6T*5,﻿￥14580.00,1
﻿威联通（QNAP）,10608094147,http://item.jd.com/10608094147.html,﻿威联通（QNAP）TS-531P 2G 内存 5盘位NAS网络存储器 1.4G四核 四千兆 20TB NAS红盘4T*5,﻿￥10630.00,1
﻿威联通（QNAP）,10624664211,http://item.jd.com/10624664211.html,﻿威联通（QNAP）TS-1253U 企业NAS专盘 含导轨 12盘位 单电源SP 48TB NAS红盘4T*12,﻿￥34348.00,1
﻿威联通（QNAP）,10612210109,http://item.jd.com/10612210109.html,﻿威联通（QNAP）TS-251+ 2G内存 NAS网络存储器 赛扬2.0G四核CPU 12TB  2x6TB西数红盘,﻿￥7319.00,1
﻿威联通（QNAP）,10612078299,http://item.jd.com/10612078299.html,﻿威联通QNAP TAS-268play版 NAS存储器家庭私有云 个人云 12T 内置2块6TB 西数红盘,﻿￥5999.00,1
﻿威联通（QNAP）,10608094145,http://item.jd.com/10608094145.html,﻿威联通（QNAP）TS-531P 2G 内存 5盘位NAS网络存储器 1.4G四核 四千兆 10TB NAS红盘2T*5,﻿￥7530.00,1
﻿威联通（QNAP）,10601190757,http://item.jd.com/10601190757.html,﻿威联通（QNAP）TS-251+ 2G内存 NAS网络存储器 赛扬2.0G四核CPU 黑色 8TB红盘 NAS红盘4T*2,﻿￥5800.00,1
﻿威联通（QNAP）,10687217303,http://item.jd.com/10687217303.html,﻿QNAP威联通UX-800P UX系列储存8盘位扩充设备251 451 651机型兼容 64TB 8x8TB红盘,﻿￥25899.00,1
﻿威联通（QNAP）,10623767760,http://item.jd.com/10623767760.html,﻿威联通（QNAP）TS-451+ NAS网络存储器 赛扬2.0G四核CPU 8G内存 16T 4x4TB红盘,﻿￥9139.00,1
﻿威联通（QNAP）,10624664210,http://item.jd.com/10624664210.html,﻿威联通（QNAP）TS-1253U 企业NAS专盘 含导轨 12盘位 单电源SP 36TB NAS红盘3T*12,﻿￥30388.00,1
﻿威联通（QNAP）,10623767754,http://item.jd.com/10623767754.html,﻿威联通（QNAP）TS-451+ NAS网络存储器 赛扬2.0G四核CPU 2G内存 32T 4x8TB红盘,﻿￥14579.00,1
﻿威联通（QNAP）,10687210400,http://item.jd.com/10687210400.html,﻿QNAP威联通UX-800P UX系列储存8盘位扩充设备251 451 651机型兼容 24TB 8x3TB红盘,﻿￥12390.00,1
﻿威联通（QNAP）,11165993838,http://item.jd.com/11165993838.html,﻿威联通（QNAP）TS-431系列  双核浮点运算 1.4GHz CPU 双千兆网口 431P 16TB  NAS红盘4T*4,﻿￥7515.00,1
﻿威联通（QNAP）,10624664209,http://item.jd.com/10624664209.html,﻿威联通（QNAP）TS-1253U 企业NAS专盘 含导轨 12盘位 单电源SP 24TB NAS红盘2T*12,﻿￥26908.00,1
﻿威联通（QNAP）,10687217302,http://item.jd.com/10687217302.html,﻿QNAP威联通UX-800P UX系列储存8盘位扩充设备251 451 651机型兼容 48TB 8x6TB红盘,﻿￥21999.00,1
﻿威联通（QNAP）,10627161288,http://item.jd.com/10627161288.html,﻿威联通QNAP TS-253A 2盘位高性能 网络存储器NAS 4G内存 黑色 0TB 不含盘,﻿￥4280.00,1
﻿威联通（QNAP）,10687217301,http://item.jd.com/10687217301.html,﻿QNAP威联通UX-800P UX系列储存8盘位扩充设备251 451 651机型兼容 32TB 8x4TB红盘,﻿￥14999.00,1
﻿威联通（QNAP）,11165993833,http://item.jd.com/11165993833.html,﻿威联通（QNAP）TS-431系列  双核浮点运算 1.4GHz CPU 双千兆网口 431P 24TB  NAS红盘6T*4,﻿￥10675.00,1
﻿威联通（QNAP）,10620370412,http://item.jd.com/10620370412.html,﻿威联通QNAP TS-253A 2盘位 网络存储器NAS TS-253A 4G 16T 2x8TB红盘,﻿￥9479.00,1
﻿威联通（QNAP）,10627076519,http://item.jd.com/10627076519.html,﻿威联通（QNAP）TS-451 赛扬双核浮点运算2.41GHz CPU 4G内存 8TB NAS红盘2T*4,﻿￥6524.00,1
﻿威联通（QNAP）,10687210398,http://item.jd.com/10687210398.html,﻿QNAP威联通UX-800P UX系列储存8盘位扩充设备251 451 651机型兼容 16TB NAS红盘4T*4,﻿￥10069.00,1
﻿威联通（QNAP）,10612078297,http://item.jd.com/10612078297.html,﻿威联通QNAP TAS-268play版 NAS存储器家庭私有云 个人云 6T 内置2块3TB西数红盘,﻿￥4199.00,1
﻿威联通（QNAP）,10687210397,http://item.jd.com/10687210397.html,﻿QNAP威联通UX-800P UX系列储存8盘位扩充设备251 451 651机型兼容 8TB  2x4TB红盘,﻿￥7699.00,1
﻿威联通（QNAP）,10623767758,http://item.jd.com/10623767758.html,﻿威联通（QNAP）TS-451+ NAS网络存储器 赛扬2.0G四核CPU 8G内存 8TB  4x2T红盘,﻿￥7379.00,1
﻿威联通（QNAP）,10623767764,http://item.jd.com/10623767764.html,﻿威联通（QNAP）TS-451+ NAS网络存储器 赛扬2.0G四核CPU 8G内存 12T 2x6TB红盘,﻿￥8819.00,1
﻿威联通（QNAP）,10623767761,http://item.jd.com/10623767761.html,﻿威联通（QNAP）TS-451+ NAS网络存储器 赛扬2.0G四核CPU 8G内存 24T 4x6TB红盘,﻿￥12859.00,1
﻿威联通（QNAP）,10627161292,http://item.jd.com/10627161292.html,﻿威联通QNAP TS-253A 2盘位高性能 网络存储器NAS 4G内存 黑色 12TB NAS红盘6T*2,﻿￥8418.00,1
﻿威联通（QNAP）,10623767751,http://item.jd.com/10623767751.html,﻿威联通（QNAP）TS-451+ NAS网络存储器 赛扬2.0G四核CPU 2G内存 12T 4x3TB红盘,﻿￥7739.00,1
﻿威联通（QNAP）,10627161289,http://item.jd.com/10627161289.html,﻿威联通QNAP TS-253A 2盘位高性能 网络存储器NAS 4G内存 黑色 4TB NAS红盘2T*2,﻿￥5598.00,1
﻿威联通（QNAP）,10623767763,http://item.jd.com/10623767763.html,﻿威联通（QNAP）TS-451+ NAS网络存储器 赛扬2.0G四核CPU 8G内存 8TB  2x4TB红盘,﻿￥6359.00,1
﻿威联通（QNAP）,10620370411,http://item.jd.com/10620370411.html,﻿威联通QNAP TS-253A 2盘位 网络存储器NAS TS-253A 4G 12T 2x6TB红盘,﻿￥8319.00,1
﻿威联通（QNAP）,11165993828,http://item.jd.com/11165993828.html,﻿威联通（QNAP）TS-431系列  双核浮点运算 1.4GHz CPU 双千兆网口 431P 12TB  NAS红盘3T*4,﻿￥6195.00,1
﻿威联通（QNAP）,10623767755,http://item.jd.com/10623767755.html,﻿威联通（QNAP）TS-451+ NAS网络存储器 赛扬2.0G四核CPU 2G内存 8TB  2x4TB红盘,﻿￥6359.00,1
﻿威联通（QNAP）,10620370408,http://item.jd.com/10620370408.html,﻿威联通QNAP TS-253A 2盘位 网络存储器NAS TS-253A 4G 4TB 2X2TB红盘,﻿￥5580.00,1
﻿威联通（QNAP）,10623767753,http://item.jd.com/10623767753.html,﻿威联通（QNAP）TS-451+ NAS网络存储器 赛扬2.0G四核CPU 2G内存 24T 4x6TB红盘,﻿￥12259.00,1
﻿威联通（QNAP）,10627076522,http://item.jd.com/10627076522.html,﻿威联通（QNAP）TS-451 赛扬双核浮点运算2.41GHz CPU 4G内存 24TB  NAS红盘6T*4,﻿￥12164.00,1
﻿威联通（QNAP）,10623767765,http://item.jd.com/10623767765.html,﻿威联通（QNAP）TS-451+ NAS网络存储器 赛扬2.0G四核CPU 8G内存 0T 空槽,﻿￥4780.00,1
﻿威联通（QNAP）,10627076521,http://item.jd.com/10627076521.html,﻿威联通（QNAP）TS-451 赛扬双核浮点运算2.41GHz CPU 4G内存 16TB  NAS红盘4T*4,﻿￥9004.00,1
﻿威联通（QNAP）,10612210107,http://item.jd.com/10612210107.html,﻿威联通（QNAP）TS-251+ 2G内存 NAS网络存储器 赛扬2.0G四核CPU 6TB 2x3TB西数红盘,﻿￥5059.00,1
﻿威联通（QNAP）,10612210106,http://item.jd.com/10612210106.html,﻿威联通（QNAP）TS-251+ 2G内存 NAS网络存储器 赛扬2.0G四核CPU 4TB   2x2TB西数红盘,﻿￥4579.00,1
﻿威联通（QNAP）,10627161291,http://item.jd.com/10627161291.html,﻿威联通QNAP TS-253A 2盘位高性能 网络存储器NAS 4G内存 黑色 8TB NAS红盘4T*2,﻿￥6838.00,1
﻿威联通（QNAP）,10627161291,http://item.jd.com/10627161291.html,﻿威联通QNAP TS-253A 2盘位高性能 网络存储器NAS 4G内存 黑色 8TB NAS红盘4T*2,﻿￥6838.00,1
﻿威联通（QNAP）,11165993839,http://item.jd.com/11165993839.html,﻿威联通（QNAP）TS-431系列  双核浮点运算 1.4GHz CPU 双千兆网口 431P 8TB NAS红盘2T*4,﻿￥5035.00,1
﻿威联通（QNAP）,10623767750,http://item.jd.com/10623767750.html,﻿威联通（QNAP）TS-451+ NAS网络存储器 赛扬2.0G四核CPU 2G内存 8TB  4x2T红盘,﻿￥5479.00,1
﻿威联通（QNAP）,10620370409,http://item.jd.com/10620370409.html,﻿威联通QNAP TS-253A 2盘位 网络存储器NAS TS-253A 4G 6TB 2x3TB红盘,﻿￥6059.00,1
﻿威联通（QNAP）,10620370410,http://item.jd.com/10620370410.html,﻿威联通QNAP TS-253A 2盘位 网络存储器NAS TS-253A 4G 8TB  2x4TB红盘,﻿￥6458.00,1
﻿威联通（QNAP）,10627161290,http://item.jd.com/10627161290.html,﻿威联通QNAP TS-253A 2盘位高性能 网络存储器NAS 4G内存 黑色 6TB NAS红盘3T*2,﻿￥6178.00,1
﻿威联通（QNAP）,10623767752,http://item.jd.com/10623767752.html,﻿威联通（QNAP）TS-451+ NAS网络存储器 赛扬2.0G四核CPU 2G内存 16T 4x4TB红盘,﻿￥8539.00,1
﻿威联通（QNAP）,10623767756,http://item.jd.com/10623767756.html,﻿威联通（QNAP）TS-451+ NAS网络存储器 赛扬2.0G四核CPU 2G内存 12T 2x6TB红盘,﻿￥8220.00,1
﻿威联通（QNAP）,10601190755,http://item.jd.com/10601190755.html,﻿威联通（QNAP）TS-251+ 2G内存 NAS网络存储器 赛扬2.0G四核CPU 黑色 4TB红盘 NAS红盘2T*2,﻿￥4540.00,1
﻿威联通（QNAP）,10627076520,http://item.jd.com/10627076520.html,﻿威联通（QNAP）TS-451 赛扬双核浮点运算2.41GHz CPU 4G内存 12TB  NAS红盘3T*4,﻿￥7684.00,1
﻿威联通（QNAP）,10612210108,http://item.jd.com/10612210108.html,﻿威联通（QNAP）TS-251+ 2G内存 NAS网络存储器 赛扬2.0G四核CPU 8TB 2x4TB 西数红盘,﻿￥5459.00,1
﻿威联通（QNAP）,10620370413,http://item.jd.com/10620370413.html,﻿威联通QNAP TS-253A 2盘位 网络存储器NAS TS-253A 4G 0T 空槽,﻿￥4280.00,1
﻿威联通（QNAP）,11217449210,http://item.jd.com/11217449210.html,﻿威联通（QNAP）TS-231系列 NAS双核浮点运算网络存储器 1G内存 TS-231+ 0TB 不含盘,﻿￥1999.00,1
﻿威联通（QNAP）,10612078295,http://item.jd.com/10612078295.html,﻿威联通QNAP TAS-268play版 NAS存储器家庭私有云 个人云 空槽标配,﻿￥1999.00,1
﻿威联通（QNAP）,11217449209,http://item.jd.com/11217449209.html,﻿威联通（QNAP）TS-231系列 NAS双核浮点运算网络存储器 1G内存 TS-231P 0TB 不含盘,﻿￥1750.00,1
﻿威联通（QNAP）,10604860628,http://item.jd.com/10604860628.html,﻿威联通（QNAP）TS-231P 1G双核1.4GHz CPU 高性能加密两盘位网络存 0TB 不含盘,﻿￥1750.00,1
﻿威联通（QNAP）,11250135751,http://item.jd.com/11250135751.html,﻿威联通（QNAP）TS-453A 4G内存 NAS网络存储器 四核四网卡 双系统 32TB  NAS红盘8T*4,﻿￥16079.00,1
﻿威联通（QNAP）,10611510435,http://item.jd.com/10611510435.html,﻿威联通（QNAP）TS-453A 4G内存 NAS网络存储器 四核四网卡 双系统 12TB NAS红盘3T*4,﻿￥9476.00,1
﻿威联通（QNAP）,10611510434,http://item.jd.com/10611510434.html,﻿威联通（QNAP）TS-453A 4G内存 NAS网络存储器 四核四网卡 双系统 8TB NAS红盘2T*4,﻿￥8316.00,1
﻿威联通（QNAP）,2398737,http://item.jd.com/2398737.html,﻿威联通QNAP TAS-268play版 NAS存储器家庭私有云,﻿￥1999.00,0
﻿威联通（QNAP）,11252751968,http://item.jd.com/11252751968.html,﻿威联通（QNAP）TS-251系列 赛扬双核浮点运算2.41GHz TS-251+ 0TB 不含盘,﻿￥3280.00,1
﻿威联通（QNAP）,11252751971,http://item.jd.com/11252751971.html,﻿威联通（QNAP）TS-251系列 赛扬双核浮点运算2.41GHz TS-251A 8TB含NAS红盘4TB*2,﻿￥5820.00,1
﻿威联通（QNAP）,11252751972,http://item.jd.com/11252751972.html,﻿威联通（QNAP）TS-251系列 赛扬双核浮点运算2.41GHz TS-251+ 6TB含NAS红盘3TB*2,﻿￥5160.00,1
﻿威联通（QNAP）,11252751970,http://item.jd.com/11252751970.html,﻿威联通（QNAP）TS-251系列 赛扬双核浮点运算2.41GHz TS-251+ 16TB含NAS红盘8TB*2,﻿￥8280.00,1
﻿威联通（QNAP）,11252751967,http://item.jd.com/11252751967.html,﻿威联通（QNAP）TS-251系列 赛扬双核浮点运算2.41GHz TS-251A 12TB含NAS红盘6TB*2,﻿￥7380.00,1
﻿威联通（QNAP）,11252751976,http://item.jd.com/11252751976.html,﻿威联通（QNAP）TS-251系列 赛扬双核浮点运算2.41GHz TS-251+ 4TB含NAS红盘2TB*2,﻿￥4580.00,1
﻿威联通（QNAP）,11252751973,http://item.jd.com/11252751973.html,﻿威联通（QNAP）TS-251系列 赛扬双核浮点运算2.41GHz TS-251+ 12TB含NAS红盘6TB*2,﻿￥7280.00,1
﻿威联通（QNAP）,11252751974,http://item.jd.com/11252751974.html,﻿威联通（QNAP）TS-251系列 赛扬双核浮点运算2.41GHz TS-251A 16TB含NAS红盘8TB*2,﻿￥8380.00,1
﻿威联通（QNAP）,11252751977,http://item.jd.com/11252751977.html,﻿威联通（QNAP）TS-251系列 赛扬双核浮点运算2.41GHz TS-251+ 8TB含NAS红盘4TB*2,﻿￥5820.00,1
﻿威联通（QNAP）,11252751966,http://item.jd.com/11252751966.html,﻿威联通（QNAP）TS-251系列 赛扬双核浮点运算2.41GHz TS-251A 4TB含NAS红盘2TB*2,﻿￥4680.00,1
﻿威联通（QNAP）,11252751969,http://item.jd.com/11252751969.html,﻿威联通（QNAP）TS-251系列 赛扬双核浮点运算2.41GHz TS-251A 6TB含NAS红盘3TB*2,﻿￥5260.00,1
